Year,WorldGrowth
2005,4.05453629
2006,4.476169589
2007,4.413844733
2008,2.092394584
2009,-1.318649119
2010,4.524240326
2011,3.339003354
2012,2.731209793
2013,2.888142058
2014,3.133017488
2015,3.113789078
2016,2.793592072
2017,3.451830091
2018,3.273958264
2019,2.679117575
2020,-2.899223103
2021,6.413349615
2022,3.403054837
2023,2.94859475
2024,2.871949642
2025,